tg_cmp_nb,mv,totalRevenue,operationIncome,controllingNetIncome,psr,por,per,period
1763,14015803.209999992,22704946.0,1540136.0,1006034.0,0.62,9.1,13.93,2016/12
1866,17858304.439999983,25020633.0,2024420.0,1467149.0,0.71,8.82,12.17,2017/12
1957,15094418.709999997,26428733.0,2046225.0,1341380.0,0.57,7.38,11.25,2018/12
2033,16650241.70999998,27401069.0,1467944.0,748541.0,0.61,11.34,22.24,2019/12
2122,23091669.349999998,27131398.0,1556301.0,910019.0,0.85,14.84,25.37,2020/12
2216,25854125.130000006,31914075.0,2617914.0,2038563.0,0.81,9.88,12.68,2021/12
509,18019773.239999995,27986291.0,1940102.0,1347848.0,0.64,9.29,13.37,2022/12(E)
702,18887287.580000006,30985896.0,2087977.0,1435798.0,0.61,9.05,13.15,2023/12(E)
579,18395936.829999983,32263466.0,2625198.0,1837079.0,0.57,7.01,10.01,2024/12(E)
