tg_cmp_nb,mv,totalRevenue,operationIncome,controllingNetIncome,period,psr,por,per,M2,GDP
1763,14015803.209999992,22704946.0,1540136.0,1006034.0,2016/12,0.62,9.1,13.93,24074591.0,17408000.0
1866,17869134.279999983,25020633.0,2024420.0,1467149.0,2017/12,0.71,8.83,12.18,25303536.0,18357000.0
1957,15103835.649999997,26428733.0,2046225.0,1341279.0,2018/12,0.57,7.38,11.26,27003624.0,18982000.0
2033,16661199.429999983,27401069.0,1467949.0,748619.0,2019/12,0.61,11.35,22.26,29136096.0,19245000.0
2122,23102366.559999995,27131413.0,1556286.0,909646.0,2020/12,0.85,14.84,25.4,31998357.0,19407000.0
2216,25865660.010000005,31914067.0,2617926.0,2038516.0,2021/12,0.81,9.88,12.69,36136876.0,20717000.0
508,17256835.95,27579110.0,1863087.0,1301890.0,2022/12(E),0.63,9.26,13.26,,
734,19090413.009999983,30746515.0,1830385.0,1230282.0,2023/12(E),0.62,10.43,15.52,,
614,18638257.54999999,32403616.0,2526789.0,1765018.0,2024/12(E),0.58,7.38,10.56,,
