tg_cmp_nb,mv,totalRevenue,operationIncome,controllingNetIncome,psr,por,per,period
2057,18545206.019999992,6768780.0,510945.0,355451.0,2.74,36.3,52.17,2020/09
2075,22836885.55999999,6921181.0,384051.0,168707.0,3.3,59.46,135.36,2020/12
2114,29995033.220000032,8192400.0,727077.0,673044.0,3.66,41.25,44.57,2021/03
2153,32258834.04000003,8151243.0,794133.0,592356.0,3.96,40.62,54.46,2021/06
2178,31847256.51000001,8960035.0,891814.0,691607.0,3.55,35.71,46.05,2021/09
2220,31810069.900000025,9462873.0,708994.0,463654.0,3.36,44.87,68.61,2021/12
2226,24243066.0,10042654.0,862388.0,643815.0,2.41,28.11,37.66,2022/03
389,20127182.07,7438972.0,637350.0,459249.0,2.71,31.58,43.83,2022/12(E)
