tg_cmp_nb,mv,totalRevenue,operationIncome,controllingNetIncome,period,psr,por,per,m2,gdp
1763,14015803.209999992,22704946.0,1540136.0,1006034.0,2016/12,0.62,9.1,13.93,24074591.0,16580000.0
1868,17869883.639999986,25022250.0,2024478.0,1467177.0,2017/12,0.71,8.83,12.18,25303536.0,17408000.0
1957,15103489.149999997,26428733.0,2046225.0,1341279.0,2018/12,0.57,7.38,11.26,27003624.0,18357000.0
2033,16661977.589999983,27401040.0,1467965.0,748630.0,2019/12,0.61,11.35,22.26,29136096.0,18982000.0
2122,23102996.599999994,27130498.0,1556300.0,909648.0,2020/12,0.85,14.84,25.4,31998357.0,19245000.0
2217,25867923.220000006,31914167.0,2617960.0,2038519.0,2021/12,0.81,9.88,12.69,36136876.0,19407000.0
516,17324194.159999996,27584075.0,1864161.0,1302254.0,2022/12(E),0.63,9.29,13.3,,
741,19223306.859999992,30739697.0,1824223.0,1225497.0,2023/12(E),0.63,10.54,15.69,,
621,18728424.920000006,32406622.0,2529630.0,1767223.0,2024/12(E),0.58,7.4,10.6,,
