tg_cmp_nb,mv,totalRevenue,operationIncome,controllingNetIncome,psr,por,per,period
1767,14017867.649999993,22708888.0,1540187.0,1006001.0,0.62,9.1,13.93,2016/12
1870,17866035.259999983,25025135.0,2024429.0,1467192.0,0.71,8.83,12.18,2017/12
1961,15103628.99,26433094.0,2046231.0,1341290.0,0.57,7.38,11.26,2018/12
2037,16661428.559999978,27404204.0,1467839.0,748124.0,0.61,11.35,22.27,2019/12
2126,23103174.26,27133391.0,1556066.0,909000.0,0.85,14.85,25.42,2020/12
2218,25866596.980000008,31915396.0,2617980.0,2038602.0,0.81,9.88,12.69,2021/12
503,16308617.42000001,27349195.0,2061456.0,1468056.0,0.6,7.91,11.11,2022/12(E)
687,17297119.51,30497082.0,2313869.0,1613091.0,0.57,7.48,10.72,2023/12(E)
552,16614234.689999986,31646825.0,2758810.0,1946679.0,0.52,6.02,8.53,2024/12(E)
