tg_cmp_nb,mv,totalRevenue,operationIncome,controllingNetIncome,psr,por,per,period
2057,18545206.019999992,6768780.0,510945.0,355451.0,2.74,36.3,52.17,2020/09
2075,22836885.55999999,6921181.0,384051.0,168707.0,3.3,59.46,135.36,2020/12
2114,30011241.690000035,8192400.0,727077.0,673044.0,3.66,41.28,44.59,2021/03
2155,48721068.25999996,10060831.0,1171168.0,875711.0,4.84,41.6,55.64,2021/06
2179,46983623.32000004,11178893.0,1366265.0,1053275.0,4.2,34.39,44.61,2021/09
2221,47800307.60000001,11759280.0,1124895.0,782788.0,4.06,42.49,61.06,2021/12
2239,42745857.70000003,12378853.0,1286164.0,977603.0,3.45,33.24,43.73,2022/03
2245,30054681.0,12402855.0,1195711.0,866563.0,2.42,25.14,34.68,2022/06
434,31261117.07,9995336.0,869685.0,668020.0,3.13,35.95,46.8,2022/12(E)
