tg_cmp_nb,mv,totalRevenue,operationIncome,controllingNetIncome,psr,por,per,period
1767,14017867.649999993,22708888.0,1540187.0,1006001.0,0.62,9.1,13.93,2016/12
1870,17885860.98999998,25025135.0,2024429.0,1467192.0,0.71,8.84,12.19,2017/12
1961,15121573.739999996,26433097.0,2046268.0,1341327.0,0.57,7.39,11.27,2018/12
2037,16704265.629999977,27404206.0,1467915.0,748158.0,0.61,11.38,22.33,2019/12
2126,23211307.159999993,27133693.0,1556194.0,909192.0,0.86,14.92,25.53,2020/12
2217,26193633.89000001,31915248.0,2617975.0,2038714.0,0.82,10.01,12.85,2021/12
538,16761183.190000001,27237869.0,2255286.0,1617305.0,0.62,7.43,10.36,2022/12(E)
655,17537380.89,30083008.0,2669802.0,1887451.0,0.58,6.57,9.29,2023/12(E)
493,16772131.860000001,30913400.0,2890573.0,2061477.0,0.54,5.8,8.14,2024/12(E)
