tg_cmp_nb,mv,totalRevenue,operationIncome,controllingNetIncome,psr,por,per,period
2057,18545206.019999992,6768780.0,510945.0,355451.0,2.74,36.3,52.17,2020/09
2075,22836885.55999999,6921181.0,384051.0,168707.0,3.3,59.46,135.36,2020/12
2113,24563565.510000017,7538515.0,633248.0,602116.0,3.26,38.79,40.8,2021/03
2152,26909013.360000018,7514527.0,668466.0,497849.0,3.58,40.25,54.05,2021/06
2177,27090586.81000001,8220243.0,733639.0,571035.0,3.3,36.93,47.44,2021/09
2219,26806519.150000017,8697218.0,570327.0,357249.0,3.08,47.0,75.04,2021/12
2225,20518678.0,9264839.0,721174.0,532524.0,2.21,28.45,38.53,2022/03
381,15868535.3,6594530.0,519689.0,372922.0,2.41,30.53,42.55,2022/12(E)
