tg_cmp_nb,mv,totalRevenue,operationIncome,controllingNetIncome,psr,por,per,period
1767,14017867.649999993,22708888.0,1540187.0,1006001.0,0.62,9.1,13.93,2016/12
1870,17870404.089999985,25025135.0,2024429.0,1467192.0,0.71,8.83,12.18,2017/12
1961,15109872.629999997,26433097.0,2046268.0,1341327.0,0.57,7.38,11.26,2018/12
2037,16662225.219999978,27404206.0,1467915.0,748158.0,0.61,11.35,22.27,2019/12
2126,23098608.74,27133693.0,1556194.0,909192.0,0.85,14.84,25.41,2020/12
2217,25879333.510000013,31915248.0,2617975.0,2038688.0,0.81,9.89,12.69,2021/12
526,17064692.029999994,27393655.0,2217726.0,1578393.0,0.62,7.69,10.81,2022/12(E)
658,17841854.680000007,30177092.0,2601177.0,1830648.0,0.59,6.86,9.75,2023/12(E)
500,17082685.799999997,31042136.0,2826272.0,2008953.0,0.55,6.04,8.5,2024/12(E)
